timestamp,latency_ms,jitter_ms,loss_pct,bandwidth_mbps,queue_drops,delta_tx_bytes,delta_rx_bytes,rssi_dbm,server_cpu_pct,server_ram_pct,congestion_state
0,5.073,0.852,0.0,-1.0,0,0,0,-46,14.299999999999997,82.49,MEDIUM
5,5.898,0.172,0.0,-1.0,0,0,0,-46,10.5,82.65,MEDIUM
10,4.961,0.973,0.0,-1.0,0,0,0,-46,18.200000000000003,82.7,MEDIUM
15,4.243,0.287,0.0,-1.0,0,0,0,-46,14.299999999999997,82.91,MEDIUM
20,4.667,0.755,0.0,0.0,0,0,0,-46,20.0,82.96,MEDIUM
25,4.483,0.763,0.0,-1.0,0,0,0,-46,18.200000000000003,82.96,MEDIUM
30,5.634,0.684,0.0,-1.0,0,0,0,-46,9.5,82.96,MEDIUM
35,4.356,1.565,0.0,-1.0,0,0,0,-46,100.0,82.49,HIGH
40,3.176,0.278,0.0,-1.0,0,0,0,-46,80.0,78.74,MEDIUM
45,3.611,0.22,0.0,0.0,0,0,0,-46,52.9,76.55,MEDIUM
50,10.797,7.466,0.0,-1.0,0,0,0,-46,100.0,81.14,HIGH
55,5.131,0.71,0.0,-1.0,0,0,0,-46,28.0,83.95,MEDIUM
60,4.085,0.259,0.0,-1.0,0,0,0,-46,9.5,83.9,MEDIUM
65,4.707,0.212,0.0,-1.0,0,0,0,-46,9.5,83.9,MEDIUM
70,4.554,0.765,0.0,0.0,0,0,0,-46,9.5,83.85,MEDIUM
75,4.212,0.583,0.0,-1.0,0,0,0,-46,13.599999999999994,83.64,MEDIUM
80,3.945,0.056,0.0,-1.0,0,0,0,-46,57.9,83.59,MEDIUM
85,4.218,0.175,0.0,-1.0,0,0,0,-46,9.5,83.59,MEDIUM
90,4.248,0.247,0.0,-1.0,0,0,0,-46,13.599999999999994,83.43,MEDIUM
95,4.658,0.264,0.0,0.0,0,0,0,-46,15.0,83.48,MEDIUM
100,4.694,0.986,0.0,-1.0,0,0,0,-46,9.5,83.59,MEDIUM
105,4.616,0.674,0.0,-1.0,0,0,0,-46,10.0,83.32,MEDIUM
110,4.687,0.843,0.0,-1.0,0,0,0,-46,9.5,83.53,MEDIUM
115,4.92,0.203,0.0,-1.0,0,0,0,-46,5.0,83.53,MEDIUM
120,4.382,0.659,0.0,0.0,0,0,0,-46,9.5,83.74,MEDIUM
125,5.114,0.399,0.0,-1.0,0,0,0,-46,13.599999999999994,83.53,MEDIUM
130,4.201,0.201,0.0,-1.0,0,0,0,-46,9.099999999999994,83.69,MEDIUM
135,4.261,0.128,0.0,-1.0,0,0,0,-46,5.0,83.74,MEDIUM
140,4.1,0.695,0.0,-1.0,0,0,0,-46,28.599999999999994,83.69,MEDIUM
145,4.787,0.954,0.0,0.0,0,0,0,-46,33.3,83.64,MEDIUM
150,3.958,0.734,0.0,-1.0,0,0,0,-46,10.0,83.79,MEDIUM
155,4.525,0.726,0.0,-1.0,0,0,0,-46,14.299999999999997,83.79,MEDIUM
160,4.856,0.905,0.0,-1.0,0,0,0,-46,13.599999999999994,84.0,MEDIUM
165,4.792,1.036,0.0,-1.0,0,0,0,-46,10.0,83.9,MEDIUM
170,4.338,0.749,0.0,0.0,0,0,0,-46,10.0,84.0,MEDIUM
175,4.632,0.14,0.0,-1.0,0,0,0,-46,13.599999999999994,84.11,MEDIUM
180,4.085,0.387,0.0,-1.0,0,0,0,-46,13.599999999999994,84.11,MEDIUM
185,5.002,0.486,0.0,-1.0,0,0,0,-46,18.200000000000003,84.21,MEDIUM
190,4.652,0.341,0.0,-1.0,0,0,0,-46,14.299999999999997,84.21,MEDIUM
195,5.811,0.737,0.0,0.0,0,0,0,-46,14.299999999999997,84.31,MEDIUM
200,4.681,0.68,0.0,-1.0,0,0,0,-46,10.0,84.47,MEDIUM
205,6.917,1.423,0.0,-1.0,0,0,0,-46,66.7,83.48,MEDIUM
210,4.879,0.915,0.0,-1.0,0,0,0,-46,9.5,82.7,MEDIUM
215,4.098,0.797,0.0,-1.0,0,0,0,-46,14.299999999999997,82.7,MEDIUM
220,5.48,0.938,0.0,0.0,0,0,0,-46,9.5,82.7,MEDIUM
225,4.462,0.455,0.0,-1.0,0,0,0,-46,5.0,82.7,MEDIUM
230,4.901,0.416,0.0,-1.0,0,0,0,-46,13.599999999999994,82.7,MEDIUM
235,5.165,0.755,0.0,-1.0,0,0,0,-46,10.0,82.7,MEDIUM
240,4.465,0.437,0.0,-1.0,0,0,0,-46,5.0,82.33,MEDIUM
245,5.269,0.72,0.0,0.0,0,0,0,-46,14.299999999999997,82.44,MEDIUM
250,4.757,0.892,0.0,-1.0,0,0,0,-46,10.0,82.49,MEDIUM
255,5.122,0.846,0.0,-1.0,0,0,0,-46,5.0,82.49,MEDIUM
260,4.269,0.346,0.0,-1.0,0,0,0,-46,9.5,84.73,MEDIUM
265,4.264,0.36,0.0,-1.0,0,0,0,-46,14.299999999999997,84.31,MEDIUM
270,3.86,0.478,0.0,0.0,0,0,0,-46,9.5,84.52,MEDIUM
275,4.305,0.986,0.0,-1.0,0,0,0,-46,10.0,84.52,MEDIUM
280,5.451,1.174,0.0,-1.0,0,0,0,-46,9.5,84.89,MEDIUM
285,4.346,0.158,0.0,-1.0,0,0,0,-46,9.5,84.94,MEDIUM
290,4.673,0.744,0.0,-1.0,0,0,0,-46,13.599999999999994,84.21,MEDIUM
295,4.628,0.389,0.0,0.0,0,0,0,-46,9.5,84.26,MEDIUM
300,9.966,7.409,0.0,-1.0,0,0,0,-46,13.599999999999994,84.05,MEDIUM
305,3.971,0.548,0.0,-1.0,0,0,0,-46,18.200000000000003,84.05,MEDIUM
310,3.762,0.181,0.0,-1.0,0,0,0,-46,10.5,84.05,MEDIUM
315,4.037,0.331,0.0,-1.0,0,0,0,-46,10.0,84.05,MEDIUM
320,6.193,1.222,0.0,0.0,0,0,0,-46,10.0,84.16,MEDIUM
325,4.479,0.614,0.0,-1.0,0,0,0,-46,10.0,84.21,MEDIUM
330,4.744,1.172,0.0,-1.0,0,0,0,-46,13.599999999999994,84.31,MEDIUM
335,4.128,0.598,0.0,-1.0,0,0,0,-46,14.299999999999997,84.26,MEDIUM
340,4.487,0.186,0.0,-1.0,0,0,0,-46,10.0,84.37,MEDIUM
345,4.845,0.357,0.0,0.0,0,0,0,-46,13.599999999999994,84.37,MEDIUM
350,4.758,0.605,0.0,-1.0,0,0,0,-46,18.200000000000003,84.89,MEDIUM
355,4.682,0.349,0.0,-1.0,0,0,0,-46,17.400000000000006,84.94,MEDIUM
360,4.932,0.09,0.0,-1.0,0,0,0,-46,60.9,86.14,MEDIUM
365,4.754,0.539,0.0,-1.0,0,0,0,-46,19.0,86.24,MEDIUM
370,13.908,8.709,0.0,0.0,0,0,0,-46,100.0,84.63,HIGH
375,5.769,0.403,0.0,-1.0,0,0,0,-46,10.0,83.38,MEDIUM
380,4.866,0.237,0.0,-1.0,0,0,0,-46,13.599999999999994,83.27,MEDIUM
385,4.605,0.182,0.0,-1.0,0,0,0,-46,14.299999999999997,82.44,MEDIUM
390,5.097,0.258,0.0,-1.0,0,0,0,-46,10.0,82.39,MEDIUM
395,4.66,0.806,0.0,0.0,0,0,0,-46,9.5,81.97,MEDIUM
400,4.684,0.139,0.0,-1.0,0,0,0,-46,9.5,82.02,MEDIUM
405,5.13,1.205,0.0,-1.0,0,0,0,-46,15.0,80.88,MEDIUM
410,3.581,0.552,0.0,-1.0,0,0,0,-46,9.5,81.66,MEDIUM
415,4.77,0.351,0.0,-1.0,0,0,0,-46,9.5,82.07,MEDIUM
420,5.131,0.767,0.0,0.0,0,0,0,-46,9.5,82.6,MEDIUM
425,4.838,0.824,0.0,-1.0,0,0,0,-46,13.599999999999994,82.75,MEDIUM
430,4.449,0.815,0.0,-1.0,0,0,0,-46,13.599999999999994,82.91,MEDIUM
435,4.308,0.093,0.0,-1.0,0,0,0,-46,13.599999999999994,82.96,MEDIUM
440,5.152,2.004,0.0,-1.0,0,0,0,-46,75.0,82.86,MEDIUM
445,5.983,1.469,0.0,0.0,0,0,0,-46,18.200000000000003,83.12,MEDIUM
450,3.965,0.362,0.0,-1.0,0,0,0,-46,9.5,83.17,MEDIUM
455,4.074,0.303,0.0,-1.0,0,0,0,-46,10.0,83.32,MEDIUM
460,4.416,0.092,0.0,-1.0,0,0,0,-46,9.5,83.38,MEDIUM
465,5.409,0.851,0.0,-1.0,0,0,0,-46,13.599999999999994,83.59,MEDIUM
470,4.469,0.621,0.0,0.0,0,0,0,-46,9.5,83.69,MEDIUM
475,4.567,0.825,0.0,-1.0,0,0,0,-46,13.599999999999994,83.69,MEDIUM
480,4.774,0.783,0.0,-1.0,0,0,0,-46,9.5,83.53,MEDIUM
485,4.853,0.441,0.0,-1.0,0,0,0,-46,9.099999999999994,83.59,MEDIUM
490,4.63,0.413,0.0,-1.0,0,0,0,-46,9.5,83.27,MEDIUM
495,4.836,0.114,0.0,0.0,0,0,0,-46,5.0,83.32,MEDIUM
500,5.047,0.572,0.0,-1.0,0,0,0,-46,9.5,83.48,MEDIUM
505,4.405,0.496,0.0,-1.0,0,0,0,-46,9.5,83.38,MEDIUM
510,4.469,0.286,0.0,-1.0,0,0,0,-46,9.099999999999994,83.53,MEDIUM
515,4.439,0.524,0.0,-1.0,0,0,0,-46,9.5,83.69,MEDIUM
520,5.253,1.03,0.0,0.0,0,0,0,-46,13.599999999999994,83.79,MEDIUM
525,4.923,0.525,0.0,-1.0,0,0,0,-46,17.400000000000006,83.69,MEDIUM
530,4.665,0.537,0.0,-1.0,0,0,0,-46,13.599999999999994,83.9,MEDIUM
535,4.218,0.123,0.0,-1.0,0,0,0,-46,9.5,84.11,MEDIUM
540,4.631,0.378,0.0,-1.0,0,0,0,-46,86.7,84.37,MEDIUM
545,5.641,0.936,0.0,0.0,0,0,0,-46,9.5,82.65,MEDIUM
550,4.744,0.174,0.0,-1.0,0,0,0,-46,9.5,82.6,MEDIUM
555,5.887,0.882,0.0,-1.0,0,0,0,-46,9.099999999999994,82.6,MEDIUM
560,4.498,0.699,0.0,-1.0,0,0,0,-46,13.599999999999994,82.75,MEDIUM
565,6.487,1.546,0.0,-1.0,0,0,0,-46,41.2,83.01,MEDIUM
570,4.684,0.328,0.0,0.0,0,0,0,-46,62.5,83.53,MEDIUM
575,4.793,0.583,0.0,-1.0,0,0,0,-46,9.5,83.69,MEDIUM
580,4.476,1.0,0.0,-1.0,0,0,0,-46,57.9,83.22,MEDIUM
585,4.961,0.621,0.0,-1.0,0,0,0,-46,9.5,81.97,MEDIUM
590,4.521,0.832,0.0,-1.0,0,0,0,-46,20.0,82.18,MEDIUM
595,4.637,0.301,0.0,0.0,0,0,0,-46,9.5,82.13,MEDIUM
600,4.003,0.147,0.0,-1.0,0,0,0,-46,20.0,82.02,MEDIUM
605,13.589,12.301,0.0,-1.0,0,0,0,-46,9.5,82.6,MEDIUM
610,4.611,0.501,0.0,-1.0,0,0,0,-46,13.599999999999994,82.7,MEDIUM
615,4.817,0.668,0.0,-1.0,0,0,0,-46,9.5,82.8,MEDIUM
620,4.809,0.273,0.0,0.0,0,0,0,-46,9.5,82.8,MEDIUM
625,5.128,0.876,0.0,-1.0,0,0,0,-46,9.5,82.91,MEDIUM
630,3.823,0.615,0.0,-1.0,0,0,0,-46,9.5,82.91,MEDIUM
635,4.171,0.336,0.0,-1.0,0,0,0,-46,9.5,82.86,MEDIUM
640,4.35,0.514,0.0,-1.0,0,0,0,-46,18.200000000000003,82.96,MEDIUM
645,4.441,0.187,0.0,0.0,0,0,0,-46,9.5,82.91,MEDIUM
650,4.479,0.296,0.0,-1.0,0,0,0,-46,10.0,82.91,MEDIUM
655,4.821,0.197,0.0,-1.0,0,0,0,-46,21.700000000000003,82.96,MEDIUM
660,4.888,0.464,0.0,-1.0,0,0,0,-46,9.5,82.75,MEDIUM
665,5.25,0.731,0.0,-1.0,0,0,0,-46,10.5,82.86,MEDIUM
670,4.498,0.562,0.0,0.0,0,0,0,-46,13.599999999999994,83.01,MEDIUM
675,4.652,0.465,0.0,-1.0,0,0,0,-46,9.5,82.49,MEDIUM
680,4.483,0.972,0.0,-1.0,0,0,0,-46,96.2,82.49,HIGH
685,5.208,1.103,0.0,-1.0,0,0,0,-46,9.099999999999994,82.44,MEDIUM
690,4.002,0.848,0.0,-1.0,0,0,0,-46,9.5,82.49,MEDIUM
695,4.564,0.43,0.0,0.0,0,0,0,-46,9.5,82.65,MEDIUM
700,4.908,0.494,0.0,-1.0,0,0,0,-46,14.299999999999997,82.49,MEDIUM
705,5.098,0.107,0.0,-1.0,0,0,0,-46,9.5,82.28,MEDIUM
710,4.272,0.971,0.0,-1.0,0,0,0,-46,9.5,82.28,MEDIUM
715,4.378,0.507,0.0,-1.0,0,0,0,-46,9.099999999999994,82.28,MEDIUM
720,6.142,1.064,0.0,0.0,0,0,0,-46,13.599999999999994,82.28,MEDIUM
725,4.859,0.842,0.0,-1.0,0,0,0,-46,14.299999999999997,82.28,MEDIUM
730,4.841,0.747,0.0,-1.0,0,0,0,-46,15.0,82.28,MEDIUM
735,4.646,0.384,0.0,-1.0,0,0,0,-46,9.5,82.28,MEDIUM
740,4.073,0.201,0.0,-1.0,0,0,0,-46,9.5,82.23,MEDIUM
745,4.974,0.451,0.0,0.0,0,0,0,-46,13.599999999999994,82.23,MEDIUM
750,5.261,0.997,0.0,-1.0,0,0,0,-46,19.0,82.13,MEDIUM
755,4.604,0.562,0.0,-1.0,0,0,0,-46,13.599999999999994,82.07,MEDIUM
760,4.774,0.446,0.0,-1.0,0,0,0,-46,5.299999999999997,82.07,MEDIUM
765,5.483,0.995,0.0,-1.0,0,0,0,-46,13.599999999999994,82.07,MEDIUM
770,5.03,0.378,0.0,0.0,0,0,0,-46,13.0,82.07,MEDIUM
775,4.544,0.195,0.0,-1.0,0,0,0,-46,10.0,82.07,MEDIUM
780,5.182,0.695,0.0,-1.0,0,0,0,-46,9.5,81.71,MEDIUM
785,4.983,0.852,0.0,-1.0,0,0,0,-46,13.599999999999994,81.87,MEDIUM
790,4.879,0.599,0.0,-1.0,0,0,0,-46,20.799999999999997,81.87,MEDIUM
795,4.847,0.479,0.0,0.0,0,0,0,-46,9.5,81.87,MEDIUM
800,4.28,0.659,0.0,-1.0,0,0,0,-46,13.599999999999994,82.02,MEDIUM
805,4.273,0.811,0.0,-1.0,0,0,0,-46,9.5,82.07,MEDIUM
810,3.676,0.054,0.0,-1.0,0,0,0,-46,13.599999999999994,82.23,MEDIUM
815,4.054,0.452,0.0,-1.0,0,0,0,-46,5.299999999999997,82.33,MEDIUM
820,4.345,0.832,0.0,0.0,0,0,0,-46,13.599999999999994,82.44,MEDIUM
825,4.862,0.346,0.0,-1.0,0,0,0,-46,9.5,82.75,MEDIUM
830,5.483,1.261,0.0,-1.0,0,0,0,-46,15.0,82.86,MEDIUM
835,4.503,0.068,0.0,-1.0,0,0,0,-46,10.0,82.96,MEDIUM
840,4.372,0.673,0.0,-1.0,0,0,0,-46,13.599999999999994,83.01,MEDIUM
845,4.52,0.485,0.0,0.0,0,0,0,-46,18.200000000000003,83.01,MEDIUM
850,6.617,2.908,0.0,-1.0,0,0,0,-46,10.0,83.12,MEDIUM
855,4.809,0.715,0.0,-1.0,0,0,0,-46,93.5,83.27,HIGH
860,4.043,0.797,0.0,-1.0,0,0,0,-46,10.0,81.66,MEDIUM
865,5.063,0.648,0.0,-1.0,0,0,0,-46,10.0,81.66,MEDIUM
870,4.654,0.242,0.0,0.0,0,0,0,-46,9.5,81.76,MEDIUM
875,4.256,0.293,0.0,-1.0,0,0,0,-46,18.200000000000003,81.81,MEDIUM
880,4.898,0.111,0.0,-1.0,0,0,0,-46,10.0,81.92,MEDIUM
885,3.839,0.193,0.0,-1.0,0,0,0,-46,9.5,80.82,MEDIUM
890,4.435,0.24,0.0,-1.0,0,0,0,-46,14.299999999999997,80.98,MEDIUM
895,4.807,0.107,0.0,0.0,0,0,0,-46,9.5,81.03,MEDIUM
900,4.797,0.462,0.0,-1.0,0,0,0,-46,14.299999999999997,81.19,MEDIUM
905,9.317,5.099,0.0,-1.0,0,0,0,-46,10.0,81.34,MEDIUM
910,4.087,0.391,0.0,-1.0,0,0,0,-46,10.0,81.29,MEDIUM
915,4.462,0.504,0.0,-1.0,0,0,0,-46,9.5,81.4,MEDIUM
920,4.541,0.675,0.0,0.0,0,0,0,-46,13.599999999999994,81.5,MEDIUM
925,4.995,0.283,0.0,-1.0,0,0,0,-46,9.5,81.71,MEDIUM
930,3.911,0.773,0.0,-1.0,0,0,0,-46,13.599999999999994,83.06,MEDIUM
935,4.295,1.141,0.0,-1.0,0,0,0,-46,13.599999999999994,83.12,MEDIUM
940,4.807,0.356,0.0,-1.0,0,0,0,-46,13.599999999999994,83.17,MEDIUM
945,4.764,0.194,0.0,0.0,0,0,0,-46,22.700000000000003,83.06,MEDIUM
950,4.381,0.786,0.0,-1.0,0,0,0,-46,14.299999999999997,83.22,MEDIUM
955,4.896,0.378,0.0,-1.0,0,0,0,-46,10.0,83.48,MEDIUM
960,4.139,0.569,0.0,-1.0,0,0,0,-46,9.5,83.48,MEDIUM
965,4.769,0.198,0.0,-1.0,0,0,0,-46,13.599999999999994,83.53,MEDIUM
970,5.03,0.768,0.0,0.0,0,0,0,-46,17.400000000000006,82.75,MEDIUM
975,4.57,0.348,0.0,-1.0,0,0,0,-46,9.5,82.91,MEDIUM
980,4.938,0.235,0.0,-1.0,0,0,0,-46,5.0,83.06,MEDIUM
985,5.363,0.766,0.0,-1.0,0,0,0,-46,9.5,83.27,MEDIUM
990,4.748,0.113,0.0,-1.0,0,0,0,-46,9.5,83.38,MEDIUM
995,4.367,0.756,0.0,0.0,0,0,0,-46,9.5,83.43,MEDIUM
1000,5.123,0.747,0.0,-1.0,0,0,0,-46,9.5,83.53,MEDIUM
1005,5.087,0.427,0.0,-1.0,0,0,0,-46,9.5,83.48,MEDIUM
1010,5.777,0.809,0.0,-1.0,0,0,0,-46,9.5,83.53,MEDIUM
1015,4.359,0.455,0.0,-1.0,0,0,0,-46,13.599999999999994,83.32,MEDIUM
1020,4.391,0.518,0.0,0.0,0,0,0,-46,9.099999999999994,83.27,MEDIUM
1025,4.296,0.251,0.0,-1.0,0,0,0,-46,9.5,83.01,MEDIUM
1030,4.788,0.796,0.0,-1.0,0,0,0,-46,5.299999999999997,83.01,MEDIUM
1035,4.972,0.395,0.0,-1.0,0,0,0,-46,9.5,83.01,MEDIUM
1040,5.077,0.376,0.0,-1.0,0,0,0,-46,9.5,82.96,MEDIUM
1045,4.677,0.832,0.0,0.0,0,0,0,-46,9.5,82.44,MEDIUM
1050,4.823,0.612,0.0,-1.0,0,0,0,-46,9.099999999999994,82.44,MEDIUM
1055,4.338,0.292,0.0,-1.0,0,0,0,-46,13.599999999999994,82.54,MEDIUM
1060,5.236,0.194,0.0,-1.0,0,0,0,-46,14.299999999999997,82.54,MEDIUM
1065,4.498,0.402,0.0,-1.0,0,0,0,-46,13.599999999999994,82.54,MEDIUM
1070,5.057,0.624,0.0,0.0,0,0,0,-46,9.5,82.6,MEDIUM
1075,4.644,0.619,0.0,-1.0,0,0,0,-46,9.5,82.7,MEDIUM
1080,4.763,0.119,0.0,-1.0,0,0,0,-46,13.599999999999994,82.75,MEDIUM
1085,4.699,0.939,0.0,-1.0,0,0,0,-46,13.599999999999994,82.75,MEDIUM
1090,4.341,0.239,0.0,-1.0,0,0,0,-46,5.0,82.75,MEDIUM
1095,4.582,0.391,0.0,0.0,0,0,0,-46,13.599999999999994,82.86,MEDIUM
1100,4.93,0.603,0.0,-1.0,0,0,0,-46,9.5,83.06,MEDIUM
1105,4.763,0.322,0.0,-1.0,0,0,0,-46,9.5,83.06,MEDIUM
1110,4.386,0.331,0.0,-1.0,0,0,0,-46,9.5,83.06,MEDIUM
1115,4.027,0.39,0.0,-1.0,0,0,0,-46,13.599999999999994,83.06,MEDIUM
1120,4.162,0.579,0.0,0.0,0,0,0,-46,9.5,83.06,MEDIUM
1125,4.832,0.941,0.0,-1.0,0,0,0,-46,9.5,83.17,MEDIUM
1130,4.338,0.677,0.0,-1.0,0,0,0,-46,13.599999999999994,83.22,MEDIUM
1135,4.68,0.429,0.0,-1.0,0,0,0,-46,9.5,83.22,MEDIUM
1140,4.307,0.207,0.0,-1.0,0,0,0,-46,5.0,83.22,MEDIUM
1145,4.175,0.379,0.0,0.0,0,0,0,-46,9.5,83.27,MEDIUM
1150,4.434,0.355,0.0,-1.0,0,0,0,-46,10.0,83.43,MEDIUM
1155,6.322,0.742,0.0,-1.0,0,0,0,-46,14.299999999999997,83.48,MEDIUM
1160,5.373,0.62,0.0,-1.0,0,0,0,-46,14.299999999999997,83.53,MEDIUM
1165,4.64,0.411,0.0,-1.0,0,0,0,-46,10.0,83.59,MEDIUM
1170,4.693,0.452,0.0,0.0,0,0,0,-46,10.0,83.69,MEDIUM
1175,4.123,0.475,0.0,-1.0,0,0,0,-46,13.599999999999994,82.44,MEDIUM
1180,4.107,0.246,0.0,-1.0,0,0,0,-46,9.5,82.44,MEDIUM
1185,4.603,0.753,0.0,-1.0,0,0,0,-46,14.299999999999997,82.6,MEDIUM
1190,5.655,0.515,0.0,-1.0,0,0,0,-46,9.5,82.65,MEDIUM
1195,4.668,0.331,0.0,0.0,0,0,0,-46,10.0,82.6,MEDIUM
1200,4.319,0.652,0.0,-1.0,0,0,0,-46,13.599999999999994,82.65,MEDIUM
1205,4.679,0.328,0.0,-1.0,0,0,0,-46,9.5,82.65,MEDIUM
1210,6.409,2.283,0.0,-1.0,0,0,0,-46,9.5,82.65,MEDIUM
1215,3.984,0.611,0.0,-1.0,0,0,0,-46,9.5,82.65,MEDIUM
1220,4.466,0.105,0.0,0.0,0,0,0,-46,13.599999999999994,82.65,MEDIUM
1225,3.194,0.597,0.0,-1.0,0,0,0,-46,50.0,83.85,MEDIUM
1230,3.959,0.708,0.0,-1.0,0,0,0,-46,9.5,82.6,MEDIUM
1235,5.515,1.764,0.0,-1.0,0,0,0,-46,9.5,82.8,MEDIUM
1240,4.668,0.681,0.0,-1.0,0,0,0,-46,13.599999999999994,82.8,MEDIUM
1245,5.134,0.57,0.0,0.0,0,0,0,-46,10.0,82.86,MEDIUM
1250,3.643,0.987,0.0,-1.0,0,0,0,-46,76.2,82.86,MEDIUM
1255,3.926,0.459,0.0,-1.0,0,0,0,-46,9.5,82.18,MEDIUM
1260,4.14,1.092,0.0,-1.0,0,0,0,-46,9.5,82.44,MEDIUM
1265,5.282,0.594,0.0,-1.0,0,0,0,-46,5.0,82.18,MEDIUM
1270,4.328,0.37,0.0,0.0,0,0,0,-46,13.599999999999994,82.33,MEDIUM
1275,3.993,0.532,0.0,-1.0,0,0,0,-46,9.5,82.39,MEDIUM
1280,4.259,0.396,0.0,-1.0,0,0,0,-46,9.5,82.54,MEDIUM
1285,3.685,0.203,0.0,-1.0,0,0,0,-46,5.0,82.44,MEDIUM
1290,5.1,1.083,0.0,-1.0,0,0,0,-46,13.599999999999994,82.44,MEDIUM
1295,4.783,0.536,0.0,0.0,0,0,0,-46,9.5,82.49,MEDIUM
1300,4.998,0.693,0.0,-1.0,0,0,0,-46,9.5,82.6,MEDIUM
1305,4.737,0.239,0.0,-1.0,0,0,0,-46,13.599999999999994,82.75,MEDIUM
1310,3.875,0.597,0.0,-1.0,0,0,0,-46,9.099999999999994,82.96,MEDIUM
1315,4.635,0.357,0.0,-1.0,0,0,0,-46,9.5,82.96,MEDIUM
1320,5.458,0.735,0.0,0.0,0,0,0,-46,9.5,82.96,MEDIUM
1325,5.084,0.382,0.0,-1.0,0,0,0,-46,13.0,82.75,MEDIUM
1330,5.167,0.416,0.0,-1.0,0,0,0,-46,9.5,82.13,MEDIUM
1335,4.607,0.374,0.0,-1.0,0,0,0,-46,9.5,82.13,MEDIUM
1340,4.302,0.85,0.0,-1.0,0,0,0,-46,9.5,82.13,MEDIUM
1345,4.676,0.741,0.0,0.0,0,0,0,-46,9.5,82.13,MEDIUM
1350,4.943,0.614,0.0,-1.0,0,0,0,-46,9.5,82.23,MEDIUM
1355,4.014,0.241,0.0,-1.0,0,0,0,-46,9.5,82.23,MEDIUM
1360,4.212,0.835,0.0,-1.0,0,0,0,-46,9.5,82.28,MEDIUM
1365,5.48,1.214,0.0,-1.0,0,0,0,-46,10.0,81.66,MEDIUM
1370,4.169,0.561,0.0,0.0,0,0,0,-46,9.5,81.71,MEDIUM
1375,4.088,0.979,0.0,-1.0,0,0,0,-46,10.0,81.81,MEDIUM
1380,4.431,0.591,0.0,-1.0,0,0,0,-46,9.099999999999994,81.81,MEDIUM
1385,4.257,0.315,0.0,-1.0,0,0,0,-46,9.5,81.55,MEDIUM
1390,5.045,0.72,0.0,-1.0,0,0,0,-46,10.0,81.55,MEDIUM
1395,5.709,0.767,0.0,0.0,0,0,0,-46,14.299999999999997,81.55,MEDIUM
1400,4.512,0.568,0.0,-1.0,0,0,0,-46,14.299999999999997,81.55,MEDIUM
1405,4.668,0.496,0.0,-1.0,0,0,0,-46,9.5,81.55,MEDIUM
1410,4.817,0.855,0.0,-1.0,0,0,0,-46,13.599999999999994,81.71,MEDIUM
1415,4.129,0.343,0.0,-1.0,0,0,0,-46,10.0,81.76,MEDIUM
1420,4.55,0.508,0.0,0.0,0,0,0,-46,17.400000000000006,81.81,MEDIUM
1425,4.369,0.275,0.0,-1.0,0,0,0,-46,9.5,81.87,MEDIUM
1430,4.708,0.887,0.0,-1.0,0,0,0,-46,9.5,81.97,MEDIUM
1435,4.777,1.546,0.0,-1.0,0,0,0,-46,9.5,82.18,MEDIUM
1440,4.385,0.522,0.0,-1.0,0,0,0,-46,10.0,82.28,MEDIUM
1445,4.202,0.562,0.0,0.0,0,0,0,-46,10.0,82.49,MEDIUM
1450,4.648,0.672,0.0,-1.0,0,0,0,-46,14.299999999999997,82.49,MEDIUM
1455,4.476,0.329,0.0,-1.0,0,0,0,-46,13.599999999999994,82.65,MEDIUM
1460,4.678,0.219,0.0,-1.0,0,0,0,-46,9.5,82.75,MEDIUM
1465,3.928,0.171,0.0,-1.0,0,0,0,-46,13.0,82.86,MEDIUM
1470,3.745,0.205,0.0,0.0,0,0,0,-46,9.5,82.96,MEDIUM
1475,4.683,0.399,0.0,-1.0,0,0,0,-46,9.5,82.96,MEDIUM
1480,4.685,0.254,0.0,-1.0,0,0,0,-46,9.5,83.01,MEDIUM
1485,4.782,0.082,0.0,-1.0,0,0,0,-46,14.299999999999997,81.61,MEDIUM
1490,4.185,0.387,0.0,-1.0,0,0,0,-46,9.5,81.71,MEDIUM
1495,4.67,0.383,0.0,0.0,0,0,0,-46,5.0,81.76,MEDIUM
1500,4.055,0.598,0.0,-1.0,0,0,0,-46,13.599999999999994,81.92,MEDIUM
1505,4.94,0.313,0.0,-1.0,0,0,0,-46,9.5,81.92,MEDIUM
1510,5.568,1.429,0.0,-1.0,0,0,0,-46,9.5,81.92,MEDIUM
1515,4.284,0.105,0.0,-1.0,0,0,0,-46,13.599999999999994,81.92,MEDIUM
1520,4.57,0.412,0.0,0.0,0,0,0,-46,9.5,81.92,MEDIUM
1525,4.606,0.384,0.0,-1.0,0,0,0,-46,9.5,81.92,MEDIUM
1530,5.284,0.899,0.0,-1.0,0,0,0,-46,13.599999999999994,81.92,MEDIUM
1535,4.682,1.094,0.0,-1.0,0,0,0,-46,9.5,81.92,MEDIUM
1540,5.228,0.899,0.0,-1.0,0,0,0,-46,9.5,81.92,MEDIUM
1545,4.779,1.205,0.0,0.0,0,0,0,-46,9.5,82.02,MEDIUM
1550,4.488,0.943,0.0,-1.0,0,0,0,-46,9.5,82.07,MEDIUM
1555,4.669,0.258,0.0,-1.0,0,0,0,-46,9.5,82.13,MEDIUM
1560,4.946,0.879,0.0,-1.0,0,0,0,-46,13.599999999999994,82.28,MEDIUM
1565,5.41,0.142,0.0,-1.0,0,0,0,-46,9.5,81.92,MEDIUM
1570,4.538,0.478,0.0,0.0,0,0,0,-46,13.599999999999994,82.02,MEDIUM
1575,4.013,0.194,0.0,-1.0,0,0,0,-46,10.0,82.02,MEDIUM
1580,4.438,0.816,0.0,-1.0,0,0,0,-46,5.0,82.02,MEDIUM
1585,4.128,0.406,0.0,-1.0,0,0,0,-46,10.0,82.23,MEDIUM
1590,4.827,0.153,0.0,-1.0,0,0,0,-46,18.200000000000003,82.23,MEDIUM
1595,5.535,0.226,0.0,0.0,0,0,0,-46,9.5,82.23,MEDIUM
1600,4.345,0.16,0.0,-1.0,0,0,0,-46,9.5,82.28,MEDIUM
1605,4.503,0.647,0.0,-1.0,0,0,0,-46,13.599999999999994,82.23,MEDIUM
1610,5.739,1.471,0.0,-1.0,0,0,0,-46,9.5,82.44,MEDIUM
1615,5.254,1.047,0.0,-1.0,0,0,0,-46,13.599999999999994,82.49,MEDIUM
1620,5.695,1.004,0.0,0.0,0,0,0,-46,13.599999999999994,82.6,MEDIUM
1625,5.25,0.978,0.0,-1.0,0,0,0,-46,13.599999999999994,81.97,MEDIUM
1631,6.787,1.789,0.0,-1.0,0,0,0,-46,100.0,82.8,HIGH
1635,4.006,0.797,0.0,-1.0,0,0,0,-46,50.0,82.13,MEDIUM
1640,4.813,0.387,0.0,-1.0,0,0,0,-46,13.599999999999994,82.02,MEDIUM
1645,4.094,0.36,0.0,0.0,0,0,0,-46,73.9,81.03,MEDIUM
1650,6.285,1.943,0.0,-1.0,0,0,0,-46,9.099999999999994,80.72,MEDIUM
1655,5.106,1.156,0.0,-1.0,0,0,0,-46,28.599999999999994,79.42,MEDIUM
1660,5.609,0.942,0.0,-1.0,0,0,0,-46,9.5,79.52,MEDIUM
1665,4.615,0.292,0.0,-1.0,0,0,0,-46,15.0,79.62,MEDIUM
1670,4.006,0.393,0.0,0.0,0,0,0,-46,14.299999999999997,79.62,MEDIUM
1675,4.983,0.573,0.0,-1.0,0,0,0,-46,13.599999999999994,79.62,MEDIUM
1680,4.571,0.394,0.0,-1.0,0,0,0,-46,17.400000000000006,79.62,MEDIUM
1685,5.314,0.297,0.0,-1.0,0,0,0,-46,9.5,79.62,MEDIUM
1690,4.659,0.58,0.0,-1.0,0,0,0,-46,9.5,79.62,MEDIUM
1695,4.838,0.358,0.0,0.0,0,0,0,-46,10.0,79.57,MEDIUM
1700,4.972,0.355,0.0,-1.0,0,0,0,-46,13.599999999999994,79.57,MEDIUM
1705,5.317,0.502,0.0,-1.0,0,0,0,-46,9.5,79.68,MEDIUM
1710,5.283,0.666,0.0,-1.0,0,0,0,-46,13.599999999999994,79.47,MEDIUM
1715,5.145,1.051,0.0,-1.0,0,0,0,-46,9.5,79.52,MEDIUM
1720,5.077,0.234,0.0,0.0,0,0,0,-46,9.5,79.83,MEDIUM
1725,4.472,0.228,0.0,-1.0,0,0,0,-46,10.0,80.15,MEDIUM
1730,4.666,0.374,0.0,-1.0,0,0,0,-46,13.599999999999994,80.15,MEDIUM
1735,4.466,0.46,0.0,-1.0,0,0,0,-46,9.5,80.3,MEDIUM
1740,4.408,0.265,0.0,-1.0,0,0,0,-46,30.400000000000006,80.35,MEDIUM
1745,3.85,1.332,0.0,0.0,0,0,0,-46,9.5,80.46,MEDIUM
1750,3.804,0.432,0.0,-1.0,0,0,0,-46,9.5,80.51,MEDIUM
1755,3.945,1.03,0.0,-1.0,0,0,0,-46,14.299999999999997,80.67,MEDIUM
1760,3.546,0.318,0.0,-1.0,0,0,0,-46,58.8,81.76,MEDIUM
1765,6.249,1.642,0.0,-1.0,0,0,0,-46,19.0,81.92,MEDIUM
1770,4.021,0.708,0.0,0.0,0,0,0,-46,13.599999999999994,82.07,MEDIUM
1775,6.564,2.706,0.0,-1.0,0,0,0,-46,13.599999999999994,82.28,MEDIUM
1780,4.744,0.15,0.0,-1.0,0,0,0,-46,9.5,82.33,MEDIUM
1785,4.401,0.808,0.0,-1.0,0,0,0,-46,9.5,82.44,MEDIUM
1790,4.519,0.52,0.0,-1.0,0,0,0,-46,9.5,82.49,MEDIUM
1795,5.386,0.523,0.0,0.0,0,0,0,-46,13.599999999999994,82.65,MEDIUM
1800,5.743,1.487,0.0,-1.0,0,0,0,-46,10.0,81.87,MEDIUM
1805,3.864,0.547,0.0,-1.0,0,0,0,-46,13.599999999999994,81.61,MEDIUM
1810,4.816,0.199,0.0,-1.0,0,0,0,-46,13.599999999999994,81.55,MEDIUM
1815,16.381,16.038,0.0,-1.0,0,0,0,-46,17.400000000000006,81.55,MEDIUM
1820,4.697,0.578,0.0,0.0,0,0,0,-46,9.5,81.55,MEDIUM
1825,4.408,0.559,0.0,-1.0,0,0,0,-46,10.0,81.61,MEDIUM
1830,4.845,0.542,0.0,-1.0,0,0,0,-46,13.599999999999994,81.61,MEDIUM
1835,6.188,0.304,0.0,-1.0,0,0,0,-46,10.0,81.4,MEDIUM
1840,5.179,0.334,0.0,-1.0,0,0,0,-46,9.5,81.4,MEDIUM
1845,4.35,0.825,0.0,0.0,0,0,0,-46,9.5,80.3,MEDIUM
1850,4.69,0.072,0.0,-1.0,0,0,0,-46,13.599999999999994,80.46,MEDIUM
1855,4.883,0.782,0.0,-1.0,0,0,0,-46,13.599999999999994,80.61,MEDIUM
1860,5.219,0.537,0.0,-1.0,0,0,0,-46,9.5,80.77,MEDIUM
1865,4.598,0.997,0.0,-1.0,0,0,0,-46,9.5,80.82,MEDIUM
1870,5.587,0.505,0.0,0.0,0,0,0,-46,18.200000000000003,80.93,MEDIUM
1875,4.611,1.119,0.0,-1.0,0,0,0,-46,10.0,81.03,MEDIUM
1880,4.063,1.102,0.0,-1.0,0,0,0,-46,10.0,81.08,MEDIUM
1885,4.625,0.446,0.0,-1.0,0,0,0,-46,68.4,80.51,MEDIUM
1890,3.811,0.326,0.0,-1.0,0,0,0,-46,14.299999999999997,80.98,MEDIUM
1895,4.153,0.596,0.0,0.0,0,0,0,-46,10.0,81.14,MEDIUM
1900,4.755,0.371,0.0,-1.0,0,0,0,-46,13.599999999999994,81.24,MEDIUM
1905,4.436,0.194,0.0,-1.0,0,0,0,-46,9.5,81.5,MEDIUM
1910,3.938,0.62,0.0,-1.0,0,0,0,-46,9.5,81.61,MEDIUM
1915,4.698,0.688,0.0,-1.0,0,0,0,-46,9.5,81.71,MEDIUM
1920,4.749,0.797,0.0,0.0,0,0,0,-46,10.0,81.81,MEDIUM
1925,4.632,0.243,0.0,-1.0,0,0,0,-46,9.5,81.66,MEDIUM
1930,4.65,0.797,0.0,-1.0,0,0,0,-46,9.5,81.76,MEDIUM
1935,4.674,0.766,0.0,-1.0,0,0,0,-46,13.599999999999994,81.87,MEDIUM
1940,4.659,0.339,0.0,-1.0,0,0,0,-46,10.0,81.97,MEDIUM
1945,3.66,0.319,0.0,0.0,0,0,0,-46,22.700000000000003,82.13,MEDIUM
1951,5.134,0.531,0.0,-1.0,0,0,0,-46,15.0,82.02,MEDIUM
1955,3.887,0.263,0.0,-1.0,0,0,0,-46,13.0,82.18,MEDIUM
1960,5.097,1.015,0.0,-1.0,0,0,0,-46,13.599999999999994,80.82,MEDIUM
1966,3.829,0.524,0.0,-1.0,0,0,0,-46,69.6,79.62,MEDIUM
1970,6.586,1.988,0.0,0.0,0,0,0,-46,9.5,82.28,MEDIUM
1975,4.667,0.231,0.0,-1.0,0,0,0,-46,9.5,82.28,MEDIUM
1980,4.76,0.686,0.0,-1.0,0,0,0,-46,9.5,82.28,MEDIUM
1985,5.238,1.756,0.0,-1.0,0,0,0,-46,9.5,82.28,MEDIUM
1990,4.83,0.635,0.0,-1.0,0,0,0,-46,9.5,82.28,MEDIUM
1995,4.946,0.71,0.0,0.0,0,0,0,-46,9.5,82.28,MEDIUM
2000,4.595,0.831,0.0,-1.0,0,0,0,-46,5.0,81.81,MEDIUM
2005,4.694,0.704,0.0,-1.0,0,0,0,-46,15.799999999999997,81.81,MEDIUM
2010,4.416,0.545,0.0,-1.0,0,0,0,-46,10.0,81.81,MEDIUM
2015,4.711,0.425,0.0,-1.0,0,0,0,-46,9.5,81.81,MEDIUM
2020,4.567,0.286,0.0,0.0,0,0,0,-46,9.5,81.81,MEDIUM
2025,4.789,0.191,0.0,-1.0,0,0,0,-46,9.5,81.81,MEDIUM
2030,5.665,1.401,0.0,-1.0,0,0,0,-46,9.5,81.81,MEDIUM
2035,5.921,1.11,0.0,-1.0,0,0,0,-46,9.5,81.81,MEDIUM
2040,4.632,0.614,0.0,-1.0,0,0,0,-46,9.5,81.81,MEDIUM
2045,4.402,0.491,0.0,0.0,0,0,0,-46,9.099999999999994,81.81,MEDIUM
2050,4.593,0.759,0.0,-1.0,0,0,0,-46,9.5,81.81,MEDIUM
2055,4.987,0.646,0.0,-1.0,0,0,0,-46,13.599999999999994,81.03,MEDIUM
2060,4.334,0.051,0.0,-1.0,0,0,0,-46,9.5,81.19,MEDIUM
2065,4.488,0.397,0.0,-1.0,0,0,0,-46,15.0,81.4,MEDIUM
2071,4.202,0.466,0.0,0.0,0,0,0,-46,13.599999999999994,81.5,MEDIUM
2075,4.26,0.277,0.0,-1.0,0,0,0,-46,9.5,81.5,MEDIUM
2080,5.005,1.911,0.0,-1.0,0,0,0,-46,5.0,81.55,MEDIUM
2085,4.463,0.141,0.0,-1.0,0,0,0,-46,9.099999999999994,81.97,MEDIUM
2091,4.254,0.442,0.0,-1.0,0,0,0,-46,13.599999999999994,82.07,MEDIUM
2096,5.203,0.314,0.0,0.0,0,0,0,-46,5.299999999999997,81.4,MEDIUM
2101,4.504,0.676,0.0,-1.0,0,0,0,-46,9.5,81.45,MEDIUM
2106,4.994,0.755,0.0,-1.0,0,0,0,-46,13.599999999999994,81.45,MEDIUM
2111,4.887,0.882,0.0,-1.0,0,0,0,-46,5.0,81.61,MEDIUM
2116,6.152,2.014,0.0,-1.0,0,0,0,-46,9.5,81.61,MEDIUM
2121,4.21,0.834,0.0,0.0,0,0,0,-46,14.299999999999997,81.66,MEDIUM
2126,4.009,0.678,0.0,-1.0,0,0,0,-46,33.3,81.71,MEDIUM
2131,4.531,0.644,0.0,-1.0,0,0,0,-46,9.5,79.83,MEDIUM
2136,4.899,0.43,0.0,-1.0,0,0,0,-46,9.5,79.0,MEDIUM
2141,4.963,0.371,0.0,-1.0,0,0,0,-46,9.5,79.0,MEDIUM
2146,4.602,0.315,0.0,0.0,0,0,0,-46,13.599999999999994,79.05,MEDIUM
2151,4.862,0.351,0.0,-1.0,0,0,0,-46,10.0,79.21,MEDIUM
2156,4.396,0.398,0.0,-1.0,0,0,0,-46,14.299999999999997,79.21,MEDIUM
2161,5.176,0.965,0.0,-1.0,0,0,0,-46,4.799999999999997,79.31,MEDIUM
2166,4.548,0.168,0.0,-1.0,0,0,0,-46,9.5,79.42,MEDIUM
2171,4.007,0.627,0.0,0.0,0,0,0,-46,14.299999999999997,79.42,MEDIUM
2176,4.507,0.248,0.0,-1.0,0,0,0,-46,13.599999999999994,79.57,MEDIUM
2181,4.164,0.566,0.0,-1.0,0,0,0,-46,5.0,79.73,MEDIUM
2186,4.109,0.359,0.0,-1.0,0,0,0,-46,19.0,79.73,MEDIUM
2191,4.651,0.841,0.0,-1.0,0,0,0,-46,5.0,79.73,MEDIUM
2196,4.991,0.423,0.0,0.0,0,0,0,-46,9.099999999999994,79.83,MEDIUM
2201,5.904,0.523,0.0,-1.0,0,0,0,-46,9.5,79.83,MEDIUM
2206,4.713,0.419,0.0,-1.0,0,0,0,-46,9.5,79.83,MEDIUM
2211,4.089,1.08,0.0,-1.0,0,0,0,-46,9.5,79.99,MEDIUM
2216,5.139,0.638,0.0,-1.0,0,0,0,-46,14.299999999999997,79.99,MEDIUM
2221,4.535,0.926,0.0,0.0,0,0,0,-46,9.5,80.04,MEDIUM
2226,5.151,0.757,0.0,-1.0,0,0,0,-46,9.5,80.04,MEDIUM
2231,4.004,0.215,0.0,-1.0,0,0,0,-46,9.5,80.2,MEDIUM
2236,4.64,1.042,0.0,-1.0,0,0,0,-46,9.5,80.2,MEDIUM
2241,4.935,0.743,0.0,-1.0,0,0,0,-46,9.5,80.3,MEDIUM
2246,4.739,0.493,0.0,0.0,0,0,0,-46,15.0,80.3,MEDIUM
2251,5.022,0.554,0.0,-1.0,0,0,0,-46,9.5,80.3,MEDIUM
2256,4.82,0.257,0.0,-1.0,0,0,0,-46,55.6,80.61,MEDIUM
2261,4.161,0.564,0.0,-1.0,0,0,0,-46,13.599999999999994,80.77,MEDIUM
2266,4.175,0.809,0.0,-1.0,0,0,0,-46,13.599999999999994,81.19,MEDIUM
2271,4.541,0.358,0.0,0.0,0,0,0,-46,9.5,81.24,MEDIUM
2276,4.294,0.867,0.0,-1.0,0,0,0,-46,18.200000000000003,81.29,MEDIUM
2281,5.21,0.162,0.0,-1.0,0,0,0,-46,14.299999999999997,81.34,MEDIUM
2286,4.696,0.12,0.0,-1.0,0,0,0,-46,10.0,81.5,MEDIUM
2291,4.194,0.758,0.0,-1.0,0,0,0,-46,9.5,80.88,MEDIUM
2296,5.192,0.92,0.0,0.0,0,0,0,-46,13.599999999999994,80.61,MEDIUM
2301,4.765,0.321,0.0,-1.0,0,0,0,-46,9.5,80.61,MEDIUM
2306,4.096,0.274,0.0,-1.0,0,0,0,-46,18.200000000000003,80.61,MEDIUM
2311,4.121,0.18,0.0,-1.0,0,0,0,-46,9.099999999999994,80.61,MEDIUM
2316,4.316,0.579,0.0,-1.0,0,0,0,-46,13.599999999999994,80.61,MEDIUM
2321,5.127,0.543,0.0,0.0,0,0,0,-46,10.0,80.61,MEDIUM
2326,4.321,0.092,0.0,-1.0,0,0,0,-46,9.5,80.61,MEDIUM
2331,4.811,1.475,0.0,-1.0,0,0,0,-46,9.5,80.61,MEDIUM
2336,5.731,0.284,0.0,-1.0,0,0,0,-46,18.200000000000003,80.61,MEDIUM
2341,4.689,0.971,0.0,-1.0,0,0,0,-46,13.599999999999994,80.61,MEDIUM
2346,4.807,0.862,0.0,0.0,0,0,0,-46,9.5,80.61,MEDIUM
2351,4.905,0.901,0.0,-1.0,0,0,0,-46,9.5,80.61,MEDIUM
2356,4.798,1.219,0.0,-1.0,0,0,0,-46,13.599999999999994,80.67,MEDIUM
2361,4.229,0.288,0.0,-1.0,0,0,0,-46,9.5,80.67,MEDIUM
2366,4.699,0.783,0.0,-1.0,0,0,0,-46,10.0,80.46,MEDIUM
2371,5.639,0.21,0.0,0.0,0,0,0,-46,10.0,81.14,MEDIUM
2376,5.707,1.743,0.0,-1.0,0,0,0,-46,9.099999999999994,81.24,MEDIUM
2381,5.338,0.21,0.0,-1.0,0,0,0,-46,13.599999999999994,81.29,MEDIUM
2386,5.061,1.38,0.0,-1.0,0,0,0,-46,12.5,81.4,MEDIUM
2391,4.636,0.899,0.0,-1.0,0,0,0,-46,20.0,81.08,MEDIUM
2396,5.113,0.599,0.0,0.0,0,0,0,-46,9.5,81.29,MEDIUM
2401,3.973,0.492,0.0,-1.0,0,0,0,-46,16.0,81.4,MEDIUM
2406,4.717,0.732,0.0,-1.0,0,0,0,-46,13.599999999999994,81.45,MEDIUM
2411,7.386,3.849,0.0,-1.0,0,0,0,-46,9.5,81.5,MEDIUM
2416,4.393,0.845,0.0,-1.0,0,0,0,-46,17.400000000000006,81.71,MEDIUM
2421,8.218,2.014,0.0,0.0,0,0,0,-46,9.5,81.81,MEDIUM
2426,4.26,0.101,0.0,-1.0,0,0,0,-46,9.5,81.81,MEDIUM
2431,4.511,0.447,0.0,-1.0,0,0,0,-46,13.599999999999994,81.81,MEDIUM
2436,4.634,0.557,0.0,-1.0,0,0,0,-46,20.0,82.13,MEDIUM
2441,4.021,0.485,0.0,-1.0,0,0,0,-46,9.5,82.13,MEDIUM
2446,6.717,3.238,0.0,0.0,0,0,0,-46,9.5,82.39,MEDIUM
2451,4.858,0.384,0.0,-1.0,0,0,0,-46,4.799999999999997,80.82,MEDIUM
2456,4.576,0.562,0.0,-1.0,0,0,0,-46,9.5,80.72,MEDIUM
2461,4.194,0.202,0.0,-1.0,0,0,0,-46,10.0,80.72,MEDIUM
2466,5.309,0.876,0.0,-1.0,0,0,0,-46,13.599999999999994,80.67,MEDIUM
2471,4.128,0.565,0.0,0.0,0,0,0,-46,9.5,80.98,MEDIUM
2476,4.642,0.213,0.0,-1.0,0,0,0,-46,14.299999999999997,81.03,MEDIUM
2481,4.489,0.549,0.0,-1.0,0,0,0,-46,10.0,81.19,MEDIUM
2486,4.437,0.619,0.0,-1.0,0,0,0,-46,13.599999999999994,81.19,MEDIUM
2491,5.754,0.837,0.0,-1.0,0,0,0,-46,10.5,81.24,MEDIUM
2496,4.426,0.755,0.0,0.0,0,0,0,-46,9.5,81.45,MEDIUM
2501,4.994,0.634,0.0,-1.0,0,0,0,-46,9.5,80.93,MEDIUM
2506,5.414,0.624,0.0,-1.0,0,0,0,-46,13.599999999999994,80.93,MEDIUM
2511,4.785,0.37,0.0,-1.0,0,0,0,-46,13.0,80.93,MEDIUM
2516,4.093,0.286,0.0,-1.0,0,0,0,-46,13.0,81.14,MEDIUM
2521,4.943,0.476,0.0,0.0,0,0,0,-46,13.599999999999994,81.14,MEDIUM
2526,4.433,0.374,0.0,-1.0,0,0,0,-46,9.099999999999994,81.14,MEDIUM
2531,5.351,0.293,0.0,-1.0,0,0,0,-46,9.099999999999994,81.14,MEDIUM
2536,5.016,1.042,0.0,-1.0,0,0,0,-46,10.0,81.19,MEDIUM
2541,4.125,0.296,0.0,-1.0,0,0,0,-46,9.5,81.19,MEDIUM
2546,5.57,0.399,0.0,0.0,0,0,0,-46,13.599999999999994,81.34,MEDIUM
2551,4.491,0.116,0.0,-1.0,0,0,0,-46,9.5,81.45,MEDIUM
2556,4.564,0.498,0.0,-1.0,0,0,0,-46,13.599999999999994,81.5,MEDIUM
2561,3.877,0.193,0.0,-1.0,0,0,0,-46,9.5,81.5,MEDIUM
2566,5.733,1.063,0.0,-1.0,0,0,0,-46,9.099999999999994,81.66,MEDIUM
2571,4.75,0.163,0.0,0.0,0,0,0,-46,13.599999999999994,81.76,MEDIUM
2576,4.978,0.318,0.0,-1.0,0,0,0,-46,14.299999999999997,81.81,MEDIUM
2581,5.586,0.505,0.0,-1.0,0,0,0,-46,14.299999999999997,81.92,MEDIUM
2586,5.468,0.398,0.0,-1.0,0,0,0,-46,13.599999999999994,82.07,MEDIUM
2591,4.097,0.382,0.0,-1.0,0,0,0,-46,13.599999999999994,82.07,MEDIUM
2596,4.336,0.977,0.0,0.0,0,0,0,-46,9.5,82.49,MEDIUM
2601,4.853,0.543,0.0,-1.0,0,0,0,-46,13.599999999999994,83.12,MEDIUM
2606,4.576,0.777,0.0,-1.0,0,0,0,-46,13.599999999999994,81.66,MEDIUM
2611,4.118,0.492,0.0,-1.0,0,0,0,-46,9.099999999999994,81.71,MEDIUM
2616,4.431,0.212,0.0,-1.0,0,0,0,-46,5.0,81.45,MEDIUM
2621,4.708,0.387,0.0,0.0,0,0,0,-46,9.5,81.55,MEDIUM
2626,4.66,0.97,0.0,-1.0,0,0,0,-46,13.0,81.76,MEDIUM
2631,5.071,0.754,0.0,-1.0,0,0,0,-46,10.0,81.71,MEDIUM
2636,4.726,0.474,0.0,-1.0,0,0,0,-46,9.5,81.71,MEDIUM
2641,3.939,0.454,0.0,-1.0,0,0,0,-46,9.5,81.76,MEDIUM
2646,5.031,0.219,0.0,0.0,0,0,0,-46,5.0,81.76,MEDIUM
2651,4.454,0.286,0.0,-1.0,0,0,0,-46,13.599999999999994,81.76,MEDIUM
2656,5.226,0.799,0.0,-1.0,0,0,0,-46,10.0,81.76,MEDIUM
2661,4.25,0.578,0.0,-1.0,0,0,0,-46,9.5,80.77,MEDIUM
2666,4.452,0.818,0.0,-1.0,0,0,0,-46,9.099999999999994,80.82,MEDIUM
2671,4.59,0.06,0.0,0.0,0,0,0,-46,9.099999999999994,80.93,MEDIUM
2676,4.79,0.455,0.0,-1.0,0,0,0,-46,9.5,81.03,MEDIUM
2681,4.004,0.057,0.0,-1.0,0,0,0,-46,9.5,81.03,MEDIUM
2686,4.02,0.715,0.0,-1.0,0,0,0,-46,13.599999999999994,81.08,MEDIUM
2691,4.58,0.246,0.0,-1.0,0,0,0,-46,13.599999999999994,81.29,MEDIUM
2696,4.906,0.909,0.0,0.0,0,0,0,-46,9.5,81.34,MEDIUM
2701,4.246,0.399,0.0,-1.0,0,0,0,-46,9.5,83.27,MEDIUM
2706,4.32,0.366,0.0,-1.0,0,0,0,-46,13.599999999999994,83.38,MEDIUM
2711,4.463,0.207,0.0,-1.0,0,0,0,-46,9.5,83.59,MEDIUM
2716,4.199,0.435,0.0,-1.0,0,0,0,-46,9.099999999999994,83.38,MEDIUM
2721,5.961,2.603,0.0,0.0,0,0,0,-46,9.5,83.53,MEDIUM
2726,4.762,0.391,0.0,-1.0,0,0,0,-46,14.299999999999997,83.53,MEDIUM
2731,4.51,0.033,0.0,-1.0,0,0,0,-46,23.799999999999997,83.48,MEDIUM
2736,4.355,0.311,0.0,-1.0,0,0,0,-46,14.299999999999997,83.59,MEDIUM
2741,4.733,0.597,0.0,-1.0,0,0,0,-46,9.5,83.59,MEDIUM
2746,4.836,1.363,0.0,0.0,0,0,0,-46,10.0,83.59,MEDIUM
2751,4.998,0.48,0.0,-1.0,0,0,0,-46,13.599999999999994,83.59,MEDIUM
2756,4.7,1.015,0.0,-1.0,0,0,0,-46,13.599999999999994,83.59,MEDIUM
2761,5.146,1.021,0.0,-1.0,0,0,0,-46,13.599999999999994,82.07,MEDIUM
2766,4.465,0.266,0.0,-1.0,0,0,0,-46,9.5,81.66,MEDIUM
2771,4.465,0.397,0.0,0.0,0,0,0,-46,21.700000000000003,81.71,MEDIUM
2776,4.968,0.208,0.0,-1.0,0,0,0,-46,9.5,81.71,MEDIUM
2781,4.979,0.355,0.0,-1.0,0,0,0,-46,10.0,81.71,MEDIUM
2786,4.45,0.329,0.0,-1.0,0,0,0,-46,14.299999999999997,81.71,MEDIUM
2791,4.149,0.088,0.0,-1.0,0,0,0,-46,9.5,81.71,MEDIUM
2796,5.084,1.036,0.0,0.0,0,0,0,-46,13.599999999999994,81.81,MEDIUM
2801,4.664,0.638,0.0,-1.0,0,0,0,-46,14.299999999999997,81.81,MEDIUM
2806,4.739,0.261,0.0,-1.0,0,0,0,-46,10.0,81.92,MEDIUM
2811,4.596,0.755,0.0,-1.0,0,0,0,-46,5.0,81.92,MEDIUM
2816,4.945,0.425,0.0,-1.0,0,0,0,-46,9.5,81.92,MEDIUM
2821,4.39,0.785,0.0,0.0,0,0,0,-46,9.5,81.66,MEDIUM
2826,4.737,0.364,0.0,-1.0,0,0,0,-46,9.5,81.76,MEDIUM
2831,4.0,0.548,0.0,-1.0,0,0,0,-46,9.5,81.76,MEDIUM
2836,4.735,0.401,0.0,-1.0,0,0,0,-46,9.5,81.87,MEDIUM
2841,3.633,1.294,0.0,-1.0,0,0,0,-46,52.9,81.61,MEDIUM
2846,5.265,0.374,0.0,0.0,0,0,0,-46,13.599999999999994,81.66,MEDIUM
2851,5.014,0.899,0.0,-1.0,0,0,0,-46,13.0,82.18,MEDIUM
2856,5.816,0.433,0.0,-1.0,0,0,0,-46,13.599999999999994,82.39,MEDIUM
2861,4.064,0.437,0.0,-1.0,0,0,0,-46,5.0,82.44,MEDIUM
2866,4.32,1.089,0.0,-1.0,0,0,0,-46,16.700000000000003,82.65,MEDIUM
2871,4.946,1.304,0.0,0.0,0,0,0,-46,9.5,82.54,MEDIUM
2876,4.73,0.379,0.0,-1.0,0,0,0,-46,14.299999999999997,82.49,MEDIUM
2881,4.671,0.705,0.0,-1.0,0,0,0,-46,13.599999999999994,82.7,MEDIUM
2886,4.496,1.421,0.0,-1.0,0,0,0,-46,9.5,82.8,MEDIUM
2891,4.647,0.35,0.0,-1.0,0,0,0,-46,10.0,82.91,MEDIUM
2896,5.101,0.142,0.0,0.0,0,0,0,-46,9.5,83.01,MEDIUM
2901,4.344,0.711,0.0,-1.0,0,0,0,-46,14.299999999999997,82.07,MEDIUM
2906,4.101,0.214,0.0,-1.0,0,0,0,-46,9.5,82.18,MEDIUM
2911,4.523,0.143,0.0,-1.0,0,0,0,-46,9.5,82.33,MEDIUM
2916,4.283,0.698,0.0,-1.0,0,0,0,-46,5.0,82.75,MEDIUM
2921,4.399,0.691,0.0,0.0,0,0,0,-46,13.0,81.14,MEDIUM
2926,4.702,0.75,0.0,-1.0,0,0,0,-46,17.400000000000006,81.08,MEDIUM
2931,4.385,0.353,0.0,-1.0,0,0,0,-46,4.799999999999997,81.14,MEDIUM
2936,4.454,0.967,0.0,-1.0,0,0,0,-46,9.5,81.19,MEDIUM
2941,4.965,0.649,0.0,-1.0,0,0,0,-46,9.5,81.24,MEDIUM
2946,4.98,0.405,0.0,0.0,0,0,0,-46,4.799999999999997,81.24,MEDIUM
2951,4.359,0.29,0.0,-1.0,0,0,0,-46,13.599999999999994,81.29,MEDIUM
2956,4.865,0.357,0.0,-1.0,0,0,0,-46,9.099999999999994,81.34,MEDIUM
2961,4.449,0.305,0.0,-1.0,0,0,0,-46,13.599999999999994,81.29,MEDIUM
2966,5.101,0.411,0.0,-1.0,0,0,0,-46,9.099999999999994,81.4,MEDIUM
2971,5.308,0.827,0.0,0.0,0,0,0,-46,9.5,81.4,MEDIUM
2976,4.535,0.243,0.0,-1.0,0,0,0,-46,14.299999999999997,81.4,MEDIUM
2981,4.714,0.543,0.0,-1.0,0,0,0,-46,9.5,81.61,MEDIUM
2986,4.767,0.734,0.0,-1.0,0,0,0,-46,10.0,81.71,MEDIUM
2991,4.286,0.506,0.0,-1.0,0,0,0,-46,13.599999999999994,81.81,MEDIUM
2996,4.738,0.399,0.0,0.0,0,0,0,-46,9.5,81.81,MEDIUM
3001,4.926,0.216,0.0,-1.0,0,0,0,-46,14.299999999999997,81.81,MEDIUM
3006,4.56,0.453,0.0,-1.0,0,0,0,-46,18.200000000000003,81.81,MEDIUM
3011,4.581,1.077,0.0,-1.0,0,0,0,-46,14.299999999999997,81.45,MEDIUM
3016,4.25,0.537,0.0,-1.0,0,0,0,-46,14.299999999999997,81.66,MEDIUM
3021,5.419,1.717,0.0,0.0,0,0,0,-46,13.599999999999994,81.66,MEDIUM
3026,6.773,2.41,0.0,-1.0,0,0,0,-46,17.400000000000006,81.87,MEDIUM
3031,4.54,0.374,0.0,-1.0,0,0,0,-46,9.5,81.87,MEDIUM
3036,4.561,0.451,0.0,-1.0,0,0,0,-46,10.0,81.87,MEDIUM
3041,4.882,0.451,0.0,-1.0,0,0,0,-46,9.5,82.02,MEDIUM
3046,4.838,0.465,0.0,0.0,0,0,0,-46,13.599999999999994,82.13,MEDIUM
3051,4.406,0.487,0.0,-1.0,0,0,0,-46,5.0,82.28,MEDIUM
3056,4.89,0.59,0.0,-1.0,0,0,0,-46,9.5,82.33,MEDIUM
3061,4.863,0.675,0.0,-1.0,0,0,0,-46,19.0,82.65,MEDIUM
3066,5.177,0.143,0.0,-1.0,0,0,0,-46,9.5,82.7,MEDIUM
3071,5.301,1.102,0.0,0.0,0,0,0,-46,9.5,82.75,MEDIUM
3076,5.0,0.832,0.0,-1.0,0,0,0,-46,13.599999999999994,81.87,MEDIUM
3081,4.848,0.573,0.0,-1.0,0,0,0,-46,13.599999999999994,81.45,MEDIUM
3086,4.629,0.76,0.0,-1.0,0,0,0,-46,13.599999999999994,81.4,MEDIUM
3091,4.345,0.434,0.0,-1.0,0,0,0,-46,13.599999999999994,81.4,MEDIUM
3096,4.745,0.521,0.0,0.0,0,0,0,-46,9.5,81.4,MEDIUM
3101,4.22,0.768,0.0,-1.0,0,0,0,-46,9.5,81.4,MEDIUM
3106,4.476,0.432,0.0,-1.0,0,0,0,-46,10.0,81.4,MEDIUM
3111,4.617,0.195,0.0,-1.0,0,0,0,-46,9.099999999999994,81.5,MEDIUM
3116,5.488,0.057,0.0,-1.0,0,0,0,-46,10.0,81.55,MEDIUM
3121,5.159,1.132,0.0,0.0,0,0,0,-46,9.5,81.66,MEDIUM
3126,4.313,0.179,0.0,-1.0,0,0,0,-46,9.5,81.76,MEDIUM
3131,5.371,0.612,0.0,-1.0,0,0,0,-46,5.0,81.76,MEDIUM
3136,4.418,0.36,0.0,-1.0,0,0,0,-46,9.5,81.81,MEDIUM
3141,4.421,0.67,0.0,-1.0,0,0,0,-46,13.599999999999994,81.92,MEDIUM
3146,5.493,0.727,0.0,0.0,0,0,0,-46,9.5,81.92,MEDIUM
3151,4.648,0.286,0.0,-1.0,0,0,0,-46,13.599999999999994,81.92,MEDIUM
3156,3.949,0.428,0.0,-1.0,0,0,0,-46,14.299999999999997,81.92,MEDIUM
3161,4.44,0.531,0.0,-1.0,0,0,0,-46,9.5,81.87,MEDIUM
3166,4.961,0.15,0.0,-1.0,0,0,0,-46,5.299999999999997,82.02,MEDIUM
3171,5.598,0.875,0.0,0.0,0,0,0,-46,9.5,82.02,MEDIUM
3176,3.791,0.147,0.0,-1.0,0,0,0,-46,13.599999999999994,82.13,MEDIUM
3181,4.235,0.469,0.0,-1.0,0,0,0,-46,9.099999999999994,82.18,MEDIUM
3186,4.624,0.469,0.0,-1.0,0,0,0,-46,9.5,82.23,MEDIUM
3191,4.332,0.772,0.0,-1.0,0,0,0,-46,9.5,82.39,MEDIUM
3196,4.533,0.605,0.0,0.0,0,0,0,-46,9.5,82.39,MEDIUM
3201,4.413,0.274,0.0,-1.0,0,0,0,-46,10.0,82.44,MEDIUM
3206,4.633,1.028,0.0,-1.0,0,0,0,-46,9.5,82.44,MEDIUM
3211,4.188,0.798,0.0,-1.0,0,0,0,-46,10.0,82.65,MEDIUM
3216,3.968,0.666,0.0,-1.0,0,0,0,-46,9.5,82.65,MEDIUM
3221,3.826,0.726,0.0,0.0,0,0,0,-46,9.5,82.8,MEDIUM
3226,4.521,0.395,0.0,-1.0,0,0,0,-46,9.099999999999994,82.6,MEDIUM
3231,5.019,0.379,0.0,-1.0,0,0,0,-46,13.0,82.65,MEDIUM
3236,4.796,0.576,0.0,-1.0,0,0,0,-46,9.5,81.29,MEDIUM
3241,4.256,0.378,0.0,-1.0,0,0,0,-46,9.5,81.24,MEDIUM
3246,5.036,0.671,0.0,0.0,0,0,0,-46,13.599999999999994,81.29,MEDIUM
3251,4.822,0.566,0.0,-1.0,0,0,0,-46,10.0,81.29,MEDIUM
3256,4.666,0.228,0.0,-1.0,0,0,0,-46,10.0,81.4,MEDIUM
3261,4.325,0.137,0.0,-1.0,0,0,0,-46,9.5,81.45,MEDIUM
3266,4.206,1.362,0.0,-1.0,0,0,0,-46,9.5,81.5,MEDIUM
3271,4.537,0.086,0.0,0.0,0,0,0,-46,13.599999999999994,81.55,MEDIUM
3276,4.087,0.682,0.0,-1.0,0,0,0,-46,9.5,81.61,MEDIUM
3281,4.763,0.185,0.0,-1.0,0,0,0,-46,5.0,81.71,MEDIUM
3286,4.403,0.362,0.0,-1.0,0,0,0,-46,9.5,81.76,MEDIUM
3291,4.875,0.398,0.0,-1.0,0,0,0,-46,13.599999999999994,81.76,MEDIUM
3296,4.533,0.952,0.0,0.0,0,0,0,-46,13.599999999999994,81.87,MEDIUM
3301,5.742,0.77,0.0,-1.0,0,0,0,-46,13.599999999999994,81.97,MEDIUM
3306,3.918,0.163,0.0,-1.0,0,0,0,-46,14.299999999999997,82.07,MEDIUM
3311,4.484,0.792,0.0,-1.0,0,0,0,-46,13.599999999999994,82.13,MEDIUM
3316,4.764,0.225,0.0,-1.0,0,0,0,-46,13.599999999999994,82.13,MEDIUM
3321,4.405,0.149,0.0,0.0,0,0,0,-46,9.5,82.28,MEDIUM
3326,6.824,2.603,0.0,-1.0,0,0,0,-46,13.599999999999994,82.39,MEDIUM
3331,4.648,0.222,0.0,-1.0,0,0,0,-46,5.299999999999997,82.39,MEDIUM
3336,4.774,0.913,0.0,-1.0,0,0,0,-46,9.5,82.6,MEDIUM
3341,5.339,0.664,0.0,-1.0,0,0,0,-46,24.0,82.8,MEDIUM
3346,5.012,0.806,0.0,0.0,0,0,0,-46,13.599999999999994,82.8,MEDIUM
3351,4.408,0.458,0.0,-1.0,0,0,0,-46,9.5,82.86,MEDIUM
3356,4.127,0.207,0.0,-1.0,0,0,0,-46,9.5,82.91,MEDIUM
3361,4.126,0.089,0.0,-1.0,0,0,0,-46,5.0,82.33,MEDIUM
3366,4.778,0.061,0.0,-1.0,0,0,0,-46,9.5,82.49,MEDIUM
3371,4.394,0.571,0.0,0.0,0,0,0,-46,9.5,82.7,MEDIUM
3376,3.808,0.793,0.0,-1.0,0,0,0,-46,100.0,83.27,HIGH
3381,5.354,0.673,0.0,-1.0,0,0,0,-46,23.299999999999997,84.58,MEDIUM
3386,6.036,0.711,0.0,-1.0,0,0,0,-46,17.400000000000006,84.68,MEDIUM
3391,4.4,0.327,0.0,-1.0,0,0,0,-46,13.599999999999994,83.53,MEDIUM
3396,6.342,1.093,0.0,0.0,0,0,0,-46,13.599999999999994,83.48,MEDIUM
3401,4.576,0.108,0.0,-1.0,0,0,0,-46,10.0,83.48,MEDIUM
3406,4.254,0.249,0.0,-1.0,0,0,0,-46,10.0,83.48,MEDIUM
3411,4.654,0.563,0.0,-1.0,0,0,0,-46,9.5,83.48,MEDIUM
3416,4.873,0.981,0.0,-1.0,0,0,0,-46,13.599999999999994,83.48,MEDIUM
3421,4.423,0.42,0.0,0.0,0,0,0,-46,5.0,83.48,MEDIUM
3426,4.446,0.68,0.0,-1.0,0,0,0,-46,9.5,83.48,MEDIUM
3431,4.505,0.259,0.0,-1.0,0,0,0,-46,5.0,83.48,MEDIUM
3436,4.626,0.276,0.0,-1.0,0,0,0,-46,13.599999999999994,83.53,MEDIUM
3441,4.389,0.058,0.0,-1.0,0,0,0,-46,9.5,83.64,MEDIUM
3446,4.101,1.266,0.0,0.0,0,0,0,-46,9.5,83.69,MEDIUM
3451,4.888,0.53,0.0,-1.0,0,0,0,-46,10.0,83.85,MEDIUM
3456,4.241,0.186,0.0,-1.0,0,0,0,-46,9.5,84.05,MEDIUM
3461,4.547,0.329,0.0,-1.0,0,0,0,-46,9.5,84.21,MEDIUM
3466,4.629,0.38,0.0,-1.0,0,0,0,-46,9.5,84.21,MEDIUM
3471,4.454,0.302,0.0,0.0,0,0,0,-46,13.599999999999994,84.21,MEDIUM
3476,5.396,0.889,0.0,-1.0,0,0,0,-46,9.5,84.21,MEDIUM
3481,4.773,0.484,0.0,-1.0,0,0,0,-46,9.5,84.37,MEDIUM
3486,4.608,0.382,0.0,-1.0,0,0,0,-46,9.5,84.37,MEDIUM
3491,4.517,0.358,0.0,-1.0,0,0,0,-46,10.0,84.42,MEDIUM
3496,4.89,0.374,0.0,0.0,0,0,0,-46,13.599999999999994,84.52,MEDIUM
3501,4.508,0.393,0.0,-1.0,0,0,0,-46,5.0,84.63,MEDIUM
3506,4.178,0.391,0.0,-1.0,0,0,0,-46,9.5,84.68,MEDIUM
3511,4.612,0.066,0.0,-1.0,0,0,0,-46,5.0,84.73,MEDIUM
3516,4.474,1.063,0.0,-1.0,0,0,0,-46,9.5,84.47,MEDIUM
3521,4.098,0.16,0.0,0.0,0,0,0,-46,19.0,84.68,MEDIUM
3526,4.271,0.552,0.0,-1.0,0,0,0,-46,10.0,84.89,MEDIUM
3531,5.265,0.644,0.0,-1.0,0,0,0,-46,9.5,84.89,MEDIUM
3536,5.329,1.059,0.0,-1.0,0,0,0,-46,9.5,84.94,MEDIUM
3541,4.344,0.421,0.0,-1.0,0,0,0,-46,9.5,84.99,MEDIUM
3546,4.769,0.635,0.0,0.0,0,0,0,-46,16.700000000000003,85.2,MEDIUM
3551,5.128,1.119,0.0,-1.0,0,0,0,-46,10.0,82.8,MEDIUM
3556,5.495,0.79,0.0,-1.0,0,0,0,-46,14.299999999999997,82.75,MEDIUM
3561,5.187,1.104,0.0,-1.0,0,0,0,-46,9.5,82.91,MEDIUM
3566,6.395,0.542,0.0,-1.0,0,0,0,-46,13.599999999999994,82.91,MEDIUM
3571,5.091,0.592,0.0,0.0,0,0,0,-46,18.200000000000003,82.96,MEDIUM
3576,4.572,0.115,0.0,-1.0,0,0,0,-46,10.0,82.96,MEDIUM
3581,5.523,1.164,0.0,-1.0,0,0,0,-46,9.5,83.01,MEDIUM
3586,4.375,0.453,0.0,-1.0,0,0,0,-46,14.299999999999997,83.06,MEDIUM
3591,5.033,0.595,0.0,-1.0,0,0,0,-46,9.5,83.27,MEDIUM
3596,5.303,0.875,0.0,0.0,0,0,0,-46,9.5,83.27,MEDIUM
